{"lambda": 7.80241209e-07, "frec_D2": 384230426.6, "frec_D1": 377107407.299, "w32": 2414190843894475.0, "w12": 2369435584996313.5, "wd": 2325495762109695.5, "d13": 88695081784779.5, "d12": 43939822886618.0, "M_85": 1.40999344065e-25, "M_87": 1.4431606e-25, "d_D2": 4.3892436719424544e-29, "d_D1": 4.393482848755225e-29, "I87": 1.5, "I85": 2.5, "g_I87": 8, "g_I85": 12, "Q_87": 0.2783, "Q_85": 0.7217, "k": 8052875.488635702, "GammaD1": 36128315.51628262, "GammaD2": 38117571.98453568, "Rb_solid": [4.857, -4215, 0, 0], "Rb_liquid": [8.316, -4275, 0, -1.3102], "Rb_solid_NES": [-91.92326, -1961.258, -0.03771687, 42.57526], "Rb_liquid_NES": [18.00753, -4529.635, 0.00058663, -2.991382], "Rb_solid_ALC": [-9.863, -4215, 0, 0], "Rb_liquid_ALC": [9.318, -4040, 0, 0], "L": 0.1, "Cge_85": [0.3333333333333333, 0.43209876543209874, 0.345679012345679, 0, 0, 0.12345679012345678, 0.43209876543209874, 1], "Cge_87": [0.1111111111111111, 0.2777777777777778, 0.2777777777777778, 0, 0, 0.05555555555555555, 0.2777777777777778, 0.7777777777777778], "det_85": [1635.454, 1664.714, 1728.134, 0, 0, -1371.29, -1307.87, -1186.91], "det_87": [4027.403, 4099.625, 4256.57, 0, 0, -2735.05, -2578.11, -2311.26], "frec_peaks": [[-2.4880960000000005, -2.4276550000000006, -2.2943550000000004], [-1.3487230000000003, -1.2853230000000002, -1.1442480000000002], [1.7708440000000003], [4.193206]]}